Series Name,Series Code,Country Name,Country Code,1990 [YR1990],2000 [YR2000],2008 [YR2008],2009 [YR2009],2010 [YR2010],2011 [YR2011],2012 [YR2012],2013 [YR2013],2014 [YR2014],2015 [YR2015],2016 [YR2016],2017 [YR2017]
Fixed broadband subscriptions (per 100 people),IT.NET.BBND.P2,Afghanistan,AFG,..,..,0.001849646,0.003609042,0.005282097,..,0.005029416,0.004909715,0.004795317,0.022079691,0.026889758,..
Fixed broadband subscriptions (per 100 people),IT.NET.BBND.P2,Albania,ALB,..,..,2.027492802,2.919536619,3.350292352,4.065147629,5.062738707,5.75292813,6.527599404,7.596854658,8.227068256,..
Fixed broadband subscriptions (per 100 people),IT.NET.BBND.P2,Algeria,DZA,..,..,1.357578396,2.248284117,2.428309557,2.597126783,3.000771406,3.264623716,4.006346574,5.584923796,6.919541673,..
Fixed broadband subscriptions (per 100 people),IT.NET.BBND.P2,American Samoa,ASM,..,..,..,..,..,..,..,..,..,..,..,..
Fixed broadband subscriptions (per 100 people),IT.NET.BBND.P2,Andorra,AND,..,..,25.85001688,29.1651305,31.45031897,33.08675271,34.33511996,35.00972001,35.89385301,37.91723286,39.82447324,..
Fixed broadband subscriptions (per 100 people),IT.NET.BBND.P2,Angola,AGO,..,..,0.087046064,0.079253328,0.076729781,0.078377681,0.098518169,0.103774201,0.306045088,0.672968878,0.523521411,..
Fixed broadband subscriptions (per 100 people),IT.NET.BBND.P2,Antigua and Barbuda,ATG,..,..,5.841896214,18.5561993,8.160902411,6.806425265,14.67401677,17.38845363,11.83019262,10.89063623,9.985551626,..
Fixed broadband subscriptions (per 100 people),IT.NET.BBND.P2,Argentina,ARG,..,..,7.85042465,8.772380304,9.977251823,11.22554546,12.53095176,15.08223447,15.57170188,16.26343491,16.93874298,..
Fixed broadband subscriptions (per 100 people),IT.NET.BBND.P2,Armenia,ARM,..,..,0.463444353,1.343865581,3.157959383,5.417223324,7.142041595,8.165718482,9.144970325,9.577593598,10.12594267,..
Fixed broadband subscriptions (per 100 people),IT.NET.BBND.P2,Aruba,ABW,..,..,18.15203663,18.53714331,18.91492859,..,..,18.65689771,18.56310004,18.28875049,..,..
Fixed broadband subscriptions (per 100 people),IT.NET.BBND.P2,Australia,AUS,..,..,24.55521678,23.69181885,24.59328685,24.41455206,24.88018575,25.62273287,27.65955673,28.54145037,30.44211286,..
Fixed broadband subscriptions (per 100 people),IT.NET.BBND.P2,Austria,AUT,..,2.375234126,20.72612399,22.43894946,24.40393415,24.87522071,25.167924,26.27971624,27.6669166,28.69325283,29.3775973,..
Fixed broadband subscriptions (per 100 people),IT.NET.BBND.P2,Azerbaijan,AZE,..,..,0.675853087,1.112809258,5.226055387,10.58273509,14.71264402,18.18868169,19.94842398,19.76010603,18.58293602,..
Fixed broadband subscriptions (per 100 people),IT.NET.BBND.P2,"Bahamas, The",BHS,..,..,7.320434059,8.911061463,6.852187807,4.230054241,20.95117755,19.20906051,20.17089638,20.90522747,21.9904817,..
Fixed broadband subscriptions (per 100 people),IT.NET.BBND.P2,Bahrain,BHR,..,..,8.38842405,11.708639,12.3779777,22.55021025,22.41470239,22.52383515,21.3949592,18.60970519,16.81957187,..
Fixed broadband subscriptions (per 100 people),IT.NET.BBND.P2,Bangladesh,BGD,..,..,0.033790641,0.211834403,0.274321057,0.306484724,0.388157065,0.974057518,1.951372689,3.05024743,3.766623743,..
Fixed broadband subscriptions (per 100 people),IT.NET.BBND.P2,Barbados,BRB,..,..,17.72693546,20.53898482,20.03951554,22.22608622,23.61548049,23.81852419,27.1720512,27.22570457,30.07625766,..
Fixed broadband subscriptions (per 100 people),IT.NET.BBND.P2,Belarus,BLR,..,..,5.001987798,11.46666653,17.5599906,22.2008592,26.91989248,29.7738364,28.84034987,31.35639018,33.29528607,..
Fixed broadband subscriptions (per 100 people),IT.NET.BBND.P2,Belgium,BEL,..,1.404457178,27.68605306,29.02903684,30.82948735,32.1965793,33.3813498,34.48085259,35.99290946,36.84966063,38.00608379,..
Fixed broadband subscriptions (per 100 people),IT.NET.BBND.P2,Belize,BLZ,..,..,2.741326684,2.770616844,2.888899691,3.066270393,3.077516509,2.982826152,2.913838673,4.99974108,6.190103712,..
Fixed broadband subscriptions (per 100 people),IT.NET.BBND.P2,Benin,BEN,..,..,0.093878579,0.206270399,0.284275229,0.383801501,0.415503315,0.411460328,0.42850094,0.673383807,0.814711015,..
Fixed broadband subscriptions (per 100 people),IT.NET.BBND.P2,Bermuda,BMU,..,..,52.5074613,61.71696599,61.73884929,..,..,61.3703494,53.05601809,45.74704932,..,..
Fixed broadband subscriptions (per 100 people),IT.NET.BBND.P2,Bhutan,BTN,..,..,0.297619478,0.479460415,1.210005314,1.814158746,2.260110916,2.716503945,3.26287437,3.589877663,3.9408867,..
Fixed broadband subscriptions (per 100 people),IT.NET.BBND.P2,Bolivia,BOL,..,..,0.806520334,0.961974326,0.944686121,0.712309475,1.111898162,1.444055027,1.592812978,1.641350074,2.567407973,..
Fixed broadband subscriptions (per 100 people),IT.NET.BBND.P2,Bosnia and Herzegovina,BIH,..,0.000704158,4.880864788,7.580565551,10.16404619,11.20632758,12.24327815,13.47773892,14.1814646,16.62407152,17.36897523,..
Fixed broadband subscriptions (per 100 people),IT.NET.BBND.P2,Botswana,BWA,..,..,0.460253015,0.51236989,0.608223766,0.962651149,1.109630672,1.068206916,1.632993833,1.791749539,2.846641795,..
Fixed broadband subscriptions (per 100 people),IT.NET.BBND.P2,Brazil,BRA,..,0.057304982,5.223520654,6.062297331,7.223440846,9.055291779,9.624498717,10.66102504,11.67573652,12.24815561,12.97409798,..
Fixed broadband subscriptions (per 100 people),IT.NET.BBND.P2,British Virgin Islands,VGB,..,..,..,28.97294853,25.26907394,26.32888568,26.47037881,21.81292121,22.38288635,23.125,..,..
Fixed broadband subscriptions (per 100 people),IT.NET.BBND.P2,Brunei Darussalam,BRN,..,..,4.353159784,5.078346856,5.417044255,5.70339867,4.814937002,6.595992187,7.149962784,8.033107838,8.325534004,..
Fixed broadband subscriptions (per 100 people),IT.NET.BBND.P2,Bulgaria,BGR,..,..,11.24105602,13.40328493,15.22122564,17.13862118,18.29866618,19.68106352,20.65972954,22.69959921,23.25333339,..
Fixed broadband subscriptions (per 100 people),IT.NET.BBND.P2,Burkina Faso,BFA,..,..,0.070028976,0.079145585,0.088190151,0.087919505,0.087046642,0.076540438,0.030890465,0.040246447,0.046960344,..
Fixed broadband subscriptions (per 100 people),IT.NET.BBND.P2,Burundi,BDI,..,..,0.001855227,0.001792378,0.003812514,0.005209446,0.007127215,0.015094663,0.016217116,0.033655121,0.035372692,..
Fixed broadband subscriptions (per 100 people),IT.NET.BBND.P2,Cabo Verde,CPV,..,..,1.522745233,2.258942505,3.295932535,4.348535132,4.015566312,4.249775004,3.787648644,3.259396241,3.030048977,..
Fixed broadband subscriptions (per 100 people),IT.NET.BBND.P2,Cambodia,KHM,..,..,0.119034314,0.212100698,0.248285216,0.150624455,0.200031672,0.215709517,0.429061796,0.532650926,0.606704211,..
Fixed broadband subscriptions (per 100 people),IT.NET.BBND.P2,Cameroon,CMR,..,..,0.004388869,0.004476733,0.028868798,0.050637466,0.063807537,0.075941544,0.07120497,0.068396152,0.191739767,..
Fixed broadband subscriptions (per 100 people),IT.NET.BBND.P2,Canada,CAN,..,4.596255223,29.49455524,30.48652404,31.69731854,32.71506237,33.5550875,34.3771325,35.37816978,36.32432105,37.26995123,..
Fixed broadband subscriptions (per 100 people),IT.NET.BBND.P2,Cayman Islands,CYM,..,..,33.1304808,33.70796868,33.96206021,33.24322892,33.56783047,34.7993497,39.62617769,45.66344823,40.44475216,..
Fixed broadband subscriptions (per 100 people),IT.NET.BBND.P2,Central African Republic,CAF,..,..,..,..,..,0.0182588,0.013369548,..,..,0.018737969,0.020417264,..
Fixed broadband subscriptions (per 100 people),IT.NET.BBND.P2,Chad,TCD,..,..,..,0.002611833,0.002824044,0.130786023,0.156279937,0.114531309,0.076685247,0.08332583,0.074738122,..
Fixed broadband subscriptions (per 100 people),IT.NET.BBND.P2,Channel Islands,CHI,..,..,..,..,..,..,..,..,..,..,..,..
Fixed broadband subscriptions (per 100 people),IT.NET.BBND.P2,Chile,CHL,..,0.049694579,8.479367821,9.73812612,10.43309451,11.62001286,12.40396834,13.02614663,14.00852457,15.17200175,15.97393709,..
Fixed broadband subscriptions (per 100 people),IT.NET.BBND.P2,China,CHN,..,0.00176972,6.172412866,7.694963045,9.290704938,11.43542762,12.72147733,13.63406195,14.38408129,19.76659867,22.89671961,..
Fixed broadband subscriptions (per 100 people),IT.NET.BBND.P2,Colombia,COL,..,0.022236713,3.924626377,4.617169769,5.690697589,7.111784007,8.25637629,9.39049889,10.27718213,11.15657452,11.79775894,..
Fixed broadband subscriptions (per 100 people),IT.NET.BBND.P2,Comoros,COM,..,..,0.016941556,0.009908467,0.048164127,0.05712523,0.171845971,0.176890724,0.210382782,0.259720696,0.360259722,..
Fixed broadband subscriptions (per 100 people),IT.NET.BBND.P2,"Congo, Dem. Rep.",COD,..,..,..,..,0,..,..,0.000666532,0.000720875,0.001403581,0.001366633,..
Fixed broadband subscriptions (per 100 people),IT.NET.BBND.P2,"Congo, Rep.",COG,..,..,..,0.003128797,0.006080188,0.031026949,0.032095541,0.009847937,0.010968294,..,..,..
Fixed broadband subscriptions (per 100 people),IT.NET.BBND.P2,Costa Rica,CRI,..,..,2.425457965,3.969510308,8.485840051,8.860497121,9.335410209,9.952103438,10.44723766,11.16941845,11.5921903,..
Fixed broadband subscriptions (per 100 people),IT.NET.BBND.P2,Cote d'Ivoire,CIV,..,..,0.054764381,0.053759562,..,..,0.232699505,0.277026786,0.609749474,0.515170401,0.62605059,..
Fixed broadband subscriptions (per 100 people),IT.NET.BBND.P2,Croatia,HRV,..,..,12.1094895,16.49116193,19.3143565,20.64920804,21.34042125,22.25602919,23.04482351,23.17575376,24.61803304,..
Fixed broadband subscriptions (per 100 people),IT.NET.BBND.P2,Cuba,CUB,..,..,0.01988252,0.025538528,0.032849461,0.039206981,0.044477146,0.047578346,0.069218216,0.072514511,0.128407029,..
Fixed broadband subscriptions (per 100 people),IT.NET.BBND.P2,Curacao,CUW,..,..,..,..,..,20.98691288,22.91281642,23.30561854,23.89023456,24.32157993,25.51633045,..
Fixed broadband subscriptions (per 100 people),IT.NET.BBND.P2,Cyprus,CYP,..,..,18.74455899,21.80944121,23.49341549,24.98810365,25.53304781,26.591832,28.55262541,30.91448227,33.03083857,..
Fixed broadband subscriptions (per 100 people),IT.NET.BBND.P2,Czech Republic,CZE,..,0.024389297,16.89986281,19.41661007,21.42546013,23.64613374,24.92464623,26.68767917,27.88349632,27.34164976,27.65087791,..
Fixed broadband subscriptions (per 100 people),IT.NET.BBND.P2,Denmark,DNK,..,1.255085202,36.49277743,36.61391489,38.05479378,38.44225815,38.93602084,40.44068654,41.51919512,42.47756381,42.75318309,..
Fixed broadband subscriptions (per 100 people),IT.NET.BBND.P2,Djibouti,DJI,..,0.000553337,0.30255524,0.643049649,0.966145346,1.334914474,1.734073788,2.02822213,2.268047518,2.686020688,2.957549309,..
Fixed broadband subscriptions (per 100 people),IT.NET.BBND.P2,Dominica,DMA,..,0.11481221,9.875428523,10.28226942,11.67816544,11.63429084,11.85759723,14.8146605,14.90855808,20.85718217,21.21012915,..
Fixed broadband subscriptions (per 100 people),IT.NET.BBND.P2,Dominican Republic,DOM,..,..,2.452443259,3.192882829,3.898501687,4.177530486,4.706070215,5.062640328,5.698533776,6.441028019,6.47421232,..
Fixed broadband subscriptions (per 100 people),IT.NET.BBND.P2,Ecuador,ECU,..,..,1.074928878,1.634765984,1.475361228,4.321803831,5.445969679,6.725512804,8.256673168,9.740478849,9.739068144,..
Fixed broadband subscriptions (per 100 people),IT.NET.BBND.P2,"Egypt, Arab Rep.",EGY,..,..,1.019637571,1.403436896,1.859256987,2.324211721,2.835381399,3.26149297,3.679095785,4.517300321,5.196121387,..
Fixed broadband subscriptions (per 100 people),IT.NET.BBND.P2,El Salvador,SLV,..,..,2.00704642,2.416210667,2.818727943,3.292711503,3.844447402,4.485924825,4.995729784,5.493322287,6.007802944,..
Fixed broadband subscriptions (per 100 people),IT.NET.BBND.P2,Equatorial Guinea,GNQ,..,..,0.027354584,0.026593741,0.170361422,0.187989877,0.201006117,0.4647206,0.498804078,0.47524807,0.487255824,..
Fixed broadband subscriptions (per 100 people),IT.NET.BBND.P2,Eritrea,ERI,..,..,0.000817515,0.001259471,0.002055334,0.002376597,0.003017491,0.002305335,0.003059893,0.007421003,0.008649452,..
Fixed broadband subscriptions (per 100 people),IT.NET.BBND.P2,Estonia,EST,..,..,22.53050289,24.07010165,26.79046278,26.95608645,27.07723559,28.04021904,28.8999362,30.00475697,31.06762424,..
Fixed broadband subscriptions (per 100 people),IT.NET.BBND.P2,Ethiopia,ETH,..,..,0.001810674,0.004123151,0.004715525,0.007106815,0.009304597,0.252991591,0.488347718,0.48311082,0.551241333,..
Fixed broadband subscriptions (per 100 people),IT.NET.BBND.P2,Faroe Islands,FRO,..,..,29.995363,32.02016129,32.63145156,32.40499687,32.97378096,33.75851543,34.98180348,36.09786649,36.24465597,..
Fixed broadband subscriptions (per 100 people),IT.NET.BBND.P2,Fiji,FJI,..,..,1.544229965,1.505022411,2.701732246,2.678815238,1.54514131,1.240203617,1.400972011,1.426415914,1.373075167,..
Fixed broadband subscriptions (per 100 people),IT.NET.BBND.P2,Finland,FIN,..,0.676134873,30.42327271,29.29680739,29.05158697,29.80098288,30.46335135,31.7010248,32.30460125,31.67966037,31.21772685,..
Fixed broadband subscriptions (per 100 people),IT.NET.BBND.P2,France,FRA,..,0.332022835,28.50400464,31.56707101,33.74459556,35.77893103,37.50591895,38.79219701,40.17401945,41.34472681,42.35416592,..
Fixed broadband subscriptions (per 100 people),IT.NET.BBND.P2,French Polynesia,PYF,..,..,10.52621568,11.31448465,12.02954507,13.2903121,14.68149912,16.2192818,17.77476013,18.35735808,19.35945827,..
Fixed broadband subscriptions (per 100 people),IT.NET.BBND.P2,Gabon,GAB,..,..,0.14836365,0.243358973,0.262301908,0.282302636,0.306265206,0.532388672,0.631101377,0.632823568,0.73212286,..
Fixed broadband subscriptions (per 100 people),IT.NET.BBND.P2,"Gambia, The",GMB,..,..,0.0190116,0.018423761,0.0208254,0.025187813,0.027913858,0.02368483,0.143691257,0.181363101,0.18449059,..
Fixed broadband subscriptions (per 100 people),IT.NET.BBND.P2,Georgia,GEO,..,..,2.541211313,3.40824427,4.15688201,5.681096496,10.62474273,11.90839677,13.89886561,14.74192364,15.81081103,..
Fixed broadband subscriptions (per 100 people),IT.NET.BBND.P2,Germany,DEU,..,0.317317923,27.23706145,30.01174258,31.51381366,32.88230317,33.76408109,34.62242132,35.77980739,37.19317302,38.05448002,..
Fixed broadband subscriptions (per 100 people),IT.NET.BBND.P2,Ghana,GHA,..,..,0.099436875,0.11987827,0.214669301,0.262478432,0.268590866,0.265570614,0.265371483,0.271016569,0.314527932,..
Fixed broadband subscriptions (per 100 people),IT.NET.BBND.P2,Gibraltar,GIB,..,..,..,31.76615301,35.66471815,38.56195749,40.90909091,..,44.31566388,53.06602167,55.86242125,..
Fixed broadband subscriptions (per 100 people),IT.NET.BBND.P2,Greece,GRC,..,..,13.59732413,17.2698168,20.27590642,22.16368744,24.17541819,26.17895056,28.36049985,30.91035071,32.50921267,..
Fixed broadband subscriptions (per 100 people),IT.NET.BBND.P2,Greenland,GRL,..,..,21.19629466,22.16761831,21.9113642,20.99918765,20.03979784,18.95169074,18.19326849,17.45962462,..,..
Fixed broadband subscriptions (per 100 people),IT.NET.BBND.P2,Grenada,GRD,..,..,8.615248432,11.86143284,13.79195048,13.96539582,15.16832096,16.99764866,17.69564358,18.51744241,19.44724651,..
Fixed broadband subscriptions (per 100 people),IT.NET.BBND.P2,Guam,GUM,..,..,1.705514497,1.891300647,1.881585549,..,..,1.816816453,1.790553042,..,..,..
Fixed broadband subscriptions (per 100 people),IT.NET.BBND.P2,Guatemala,GTM,..,..,0.692393569,1.11516287,1.805938204,..,1.858417694,2.280976013,2.734816025,2.828940885,3.03840435,..
Fixed broadband subscriptions (per 100 people),IT.NET.BBND.P2,Guinea,GIN,..,..,..,..,0.004597264,0.005375607,0.006112857,0.0068113,0.007472664,0.008098631,0.008691392,..
Fixed broadband subscriptions (per 100 people),IT.NET.BBND.P2,Guinea-Bissau,GNB,..,..,..,..,0.050421524,0.061567711,0.072314882,0.085198518,0.079906152,0.058787567,0.039396345,..
Fixed broadband subscriptions (per 100 people),IT.NET.BBND.P2,Guyana,GUY,..,..,0.655375068,0.873562041,1.423817556,2.597100452,3.769445377,4.614732377,5.627260703,6.6476311,7.641123541,..
Fixed broadband subscriptions (per 100 people),IT.NET.BBND.P2,Haiti,HTI,..,..,..,..,..,..,..,..,0,0.012712507,0.012546644,..
Fixed broadband subscriptions (per 100 people),IT.NET.BBND.P2,Honduras,HND,..,..,..,..,0.013121286,0.736690735,0.772154601,0.851983924,1.910867889,2.343078641,2.562728652,..
Fixed broadband subscriptions (per 100 people),IT.NET.BBND.P2,"Hong Kong SAR, China",HKG,..,6.502274004,27.77729939,29.30490243,30.74983609,32.39689537,31.54565585,31.02823274,31.42438621,32.10247763,35.46104221,..
Fixed broadband subscriptions (per 100 people),IT.NET.BBND.P2,Hungary,HUN,..,0.033254719,17.62456478,19.70595237,21.56265736,23.13965059,24.01752372,26.08914508,25.97897973,27.43098954,28.459294,..
Fixed broadband subscriptions (per 100 people),IT.NET.BBND.P2,Iceland,ISL,..,0.838507329,34.26601679,34.1206613,34.33886091,34.64782085,34.80561088,35.64628947,35.9154697,36.95445582,37.61897066,..
Fixed broadband subscriptions (per 100 people),IT.NET.BBND.P2,India,IND,..,..,0.449490875,0.650824488,0.91156066,1.093323336,1.211477217,1.192172985,1.242699781,1.321185131,1.444284754,..
Fixed broadband subscriptions (per 100 people),IT.NET.BBND.P2,Indonesia,IDN,..,0.001914437,0.419034913,0.784810045,0.94746107,1.122379247,1.208356703,1.301419482,1.344871567,1.557631272,1.894337084,..
Fixed broadband subscriptions (per 100 people),IT.NET.BBND.P2,"Iran, Islamic Rep.",IRN,..,0.000267027,0.412876876,0.543899828,1.326240009,2.810378647,4.977062116,6.664099067,9.463216505,10.86343996,11.58205515,..
Fixed broadband subscriptions (per 100 people),IT.NET.BBND.P2,Iraq,IRQ,..,..,0.000183487,0.000401151,0.010067056,..,..,..,..,..,..,..
Fixed broadband subscriptions (per 100 people),IT.NET.BBND.P2,Ireland,IRL,..,..,20.48054339,22.13804031,22.83044373,23.67483822,24.30307547,25.70061677,26.9118345,27.70270556,28.48257535,..
Fixed broadband subscriptions (per 100 people),IT.NET.BBND.P2,Isle of Man,IMN,..,..,..,..,..,..,..,..,..,..,..,..
Fixed broadband subscriptions (per 100 people),IT.NET.BBND.P2,Israel,ISR,..,..,23.69552211,23.68774303,23.74545306,24.91312031,25.34045099,25.90149621,27.24329902,27.43850391,28.126995,..
Fixed broadband subscriptions (per 100 people),IT.NET.BBND.P2,Italy,ITA,..,0.201803651,18.83337659,20.06721021,21.6464208,22.26059981,22.60565657,22.97575399,23.53658307,24.3696921,25.42560665,..
Fixed broadband subscriptions (per 100 people),IT.NET.BBND.P2,Jamaica,JAM,..,..,3.579549091,4.110438663,4.256269868,4.293401494,4.443792771,5.05824947,5.414891971,8.13606628,10.11877896,..
Fixed broadband subscriptions (per 100 people),IT.NET.BBND.P2,Japan,JPN,..,0.679837105,23.65520962,25.80483854,26.77740039,28.03678653,28.39488334,29.03697605,29.75510719,30.65225219,31.47121864,..
Fixed broadband subscriptions (per 100 people),IT.NET.BBND.P2,Jordan,JOR,..,..,2.467146276,3.850253676,4.54370666,4.406556917,4.284134376,4.514587219,4.687432543,4.164044131,5.838824108,..
Fixed broadband subscriptions (per 100 people),IT.NET.BBND.P2,Kazakhstan,KAZ,..,..,2.166582928,3.667177521,5.4619249,7.413344193,10.06256391,11.91455706,12.93439983,13.72056451,13.68114134,..
Fixed broadband subscriptions (per 100 people),IT.NET.BBND.P2,Kenya,KEN,..,..,0.008464593,0.045700242,0.016783513,0.128828734,0.125869245,0.167165344,0.223538938,0.28900748,0.329190577,..
Fixed broadband subscriptions (per 100 people),IT.NET.BBND.P2,Kiribati,KIR,..,..,0.722330015,0.794623567,0.865535128,0.856423174,0.793761038,0.683921017,0.481037502,0.110842689,0.074633828,..
Fixed broadband subscriptions (per 100 people),IT.NET.BBND.P2,"Korea, Dem. Peopleâ€™s Rep.",PRK,..,..,..,..,..,..,..,..,..,..,..,..
Fixed broadband subscriptions (per 100 people),IT.NET.BBND.P2,"Korea, Rep.",KOR,..,8.417213659,32.32836279,33.94286624,35.48581435,36.64796736,37.24828904,38.03590701,38.77630457,40.24989913,41.13130234,..
Fixed broadband subscriptions (per 100 people),IT.NET.BBND.P2,Kosovo,XKX,..,..,..,..,..,..,..,..,..,..,..,..
Fixed broadband subscriptions (per 100 people),IT.NET.BBND.P2,Kuwait,KWT,..,..,1.480263827,1.578890861,1.537649002,1.504141991,1.445933175,1.395249975,1.379559696,1.534855594,2.755303804,..
Fixed broadband subscriptions (per 100 people),IT.NET.BBND.P2,Kyrgyz Republic,KGZ,..,..,0.366191969,0.329615982,0.432171658,0.72250551,0.99765939,2.455138739,3.034765241,3.705999567,4.076121046,..
Fixed broadband subscriptions (per 100 people),IT.NET.BBND.P2,Lao PDR,LAO,..,..,0.047172831,0.068873996,0.092014761,0.100378543,0.114026441,0.133314091,0.16371975,0.524798095,0.341803749,..
Fixed broadband subscriptions (per 100 people),IT.NET.BBND.P2,Latvia,LVA,..,0.011975639,19.27307182,21.52658406,20.80229838,22.06160457,23.10883952,24.19138114,24.74142759,24.78648551,25.63563642,..
Fixed broadband subscriptions (per 100 people),IT.NET.BBND.P2,Lebanon,LBN,..,..,2.388865213,4.63865141,7.626859786,8.984358339,10.2469745,9.954435645,22.79819989,25.39282701,25.61726272,..
Fixed broadband subscriptions (per 100 people),IT.NET.BBND.P2,Lesotho,LSO,..,..,0.007098675,0.020101785,0.019911186,0.065976321,0.079744778,0.10966683,0.071608683,0.097258829,0.104104568,..
Fixed broadband subscriptions (per 100 people),IT.NET.BBND.P2,Liberia,LBR,..,..,0.00299506,0.003925222,0.004699355,0.001544232,0.012504668,0.11830249,0.136460616,0.155436767,0.173361979,..
Fixed broadband subscriptions (per 100 people),IT.NET.BBND.P2,Libya,LBY,..,..,0.786856123,1.056280468,1.205175899,1.146933109,1.093486961,1.043292444,1.004245335,0.965636022,2.641496039,..
Fixed broadband subscriptions (per 100 people),IT.NET.BBND.P2,Liechtenstein,LIE,..,..,43.70187173,44.5817411,42.22037652,37.36121798,39.32780445,40.6662153,41.96913481,41.89957556,42.40882103,..
Fixed broadband subscriptions (per 100 people),IT.NET.BBND.P2,Lithuania,LTU,..,..,18.77329948,20.43148022,22.13884698,23.9061689,25.39488925,27.71688997,26.6551363,27.78614917,28.70492982,..
Fixed broadband subscriptions (per 100 people),IT.NET.BBND.P2,Luxembourg,LUX,..,..,29.38581191,31.34209702,33.1508117,32.87569624,32.40132584,33.27802707,34.80133616,35.9495712,36.73188091,..
Fixed broadband subscriptions (per 100 people),IT.NET.BBND.P2,"Macao SAR, China",MAC,..,0.863843374,23.9531612,24.18287748,24.70530801,25.19980669,25.9699021,26.80132421,28.06313327,29.07823141,29.9996797,..
Fixed broadband subscriptions (per 100 people),IT.NET.BBND.P2,"Macedonia, FYR",MKD,..,..,8.62467475,11.08196013,12.30801212,13.38306661,14.8307232,16.06362693,16.79417046,17.18245007,17.87658467,..
Fixed broadband subscriptions (per 100 people),IT.NET.BBND.P2,Madagascar,MDG,..,..,0.017504078,0.02232664,0.025574572,0.03160672,0.139396788,0.165706639,0.105358222,0.097766118,0.057181677,..
Fixed broadband subscriptions (per 100 people),IT.NET.BBND.P2,Malawi,MWI,..,..,0.00697401,0.007095149,0.007226736,0.011191956,0.00778299,0.053640728,0.050870086,0.033826949,0.04882714,..
Fixed broadband subscriptions (per 100 people),IT.NET.BBND.P2,Malaysia,MYS,..,..,4.868812016,5.590435002,7.419055883,8.716237662,9.989423024,9.889300607,10.13982558,9.995766557,8.74052135,..
Fixed broadband subscriptions (per 100 people),IT.NET.BBND.P2,Maldives,MDV,..,..,4.893848198,4.811362072,4.775341271,5.313226735,5.335921665,5.89844735,5.643794159,6.473807269,7.219795336,..
Fixed broadband subscriptions (per 100 people),IT.NET.BBND.P2,Mali,MLI,..,..,0.04012696,0.060799617,0.057336067,0.058834395,0.029083913,0.019011022,0.018962183,0.021520935,0.034617706,..
Fixed broadband subscriptions (per 100 people),IT.NET.BBND.P2,Malta,MLT,..,0.40635145,23.33886254,26.87716378,29.63921288,30.1808817,31.73665853,33.33535352,35.23385083,37.84560302,39.62464925,..
Fixed broadband subscriptions (per 100 people),IT.NET.BBND.P2,Marshall Islands,MHL,..,..,..,..,..,..,..,2.439487784,2.599863564,1.887041685,1.875785485,..
Fixed broadband subscriptions (per 100 people),IT.NET.BBND.P2,Mauritania,MRT,..,..,0.17166725,0.192686338,0.160939985,0.16528198,0.176415997,0.193630652,0.200780182,0.236212522,0.254734895,..
Fixed broadband subscriptions (per 100 people),IT.NET.BBND.P2,Mauritius,MUS,..,..,4.292442959,5.940052541,7.631846027,9.574381939,11.35889677,13.05043463,14.56989587,15.74688831,16.90481302,..
Fixed broadband subscriptions (per 100 people),IT.NET.BBND.P2,Mexico,MEX,..,0.014440627,6.551936578,8.281171708,8.977171786,9.689971115,10.8213066,10.42068422,10.52714187,11.78393966,12.67391803,..
Fixed broadband subscriptions (per 100 people),IT.NET.BBND.P2,"Micronesia, Fed. Sts.",FSM,..,..,..,..,0.963143825,..,..,1.992293504,2.975852478,3.137085966,3.011355538,..
Fixed broadband subscriptions (per 100 people),IT.NET.BBND.P2,Moldova,MDA,..,..,3.168614963,5.207018272,7.577782853,10.05733111,11.90875434,13.45969436,14.7107512,15.54901787,16.33049773,..
Fixed broadband subscriptions (per 100 people),IT.NET.BBND.P2,Monaco,MCO,..,2.493687853,36.42885165,36.900369,37.45420003,42.72563807,43.26352484,44.66178531,46.76088898,47.89665971,48.22029947,..
Fixed broadband subscriptions (per 100 people),IT.NET.BBND.P2,Mongolia,MNG,..,..,1.234563212,1.499762557,2.829392297,3.41484615,3.93941106,4.921641677,6.845490844,7.117462924,7.63054255,..
Fixed broadband subscriptions (per 100 people),IT.NET.BBND.P2,Montenegro,MNE,..,..,6.425129597,9.578339318,10.42852673,10.42658916,14.1314901,15.40450897,16.71053605,18.08268282,18.48166124,..
Fixed broadband subscriptions (per 100 people),IT.NET.BBND.P2,Morocco,MAR,..,..,1.59336325,1.533106386,1.594378548,1.856574217,2.120285256,2.556762497,2.966153224,3.379554393,3.650809834,..
Fixed broadband subscriptions (per 100 people),IT.NET.BBND.P2,Mozambique,MOZ,..,..,0.048918123,0.058850157,0.072277751,0.115428894,0.116801725,0.111683351,0.139708504,0.156958453,0.144932226,..
Fixed broadband subscriptions (per 100 people),IT.NET.BBND.P2,Myanmar,MMR,..,..,0.019531396,0.045090763,0.04419306,0.041829381,..,..,..,0.060779929,0.055394164,..
Fixed broadband subscriptions (per 100 people),IT.NET.BBND.P2,Namibia,NAM,..,..,0.015160194,0.022253345,0.433003345,0.794095286,1.064577964,1.551676605,1.755204882,1.930763218,2.1912609,..
Fixed broadband subscriptions (per 100 people),IT.NET.BBND.P2,Nauru,NRU,..,..,..,..,9.476309227,..,..,..,..,..,..,..
Fixed broadband subscriptions (per 100 people),IT.NET.BBND.P2,Nepal,NPL,..,..,0.04571531,0.064336171,0.224156165,0.348559143,0.83939301,1.120451414,0.891164315,1.064340033,0.779583579,..
Fixed broadband subscriptions (per 100 people),IT.NET.BBND.P2,Netherlands,NLD,..,1.639358423,35.17288001,37.00800457,38.09152836,38.98911966,39.81089407,40.526924,40.77378418,41.73008565,42.16312001,..
Fixed broadband subscriptions (per 100 people),IT.NET.BBND.P2,New Caledonia,NCL,..,..,10.63154422,13.63419313,15.50294465,17.12145597,18.92121428,20.89701204,22.4382659,21.04185113,..,..
Fixed broadband subscriptions (per 100 people),IT.NET.BBND.P2,New Zealand,NZL,..,0.120735131,21.3866578,23.64906206,24.99922164,26.68827707,28.52112581,29.20705293,30.97982598,31.56603565,32.39907664,..
Fixed broadband subscriptions (per 100 people),IT.NET.BBND.P2,Nicaragua,NIC,..,0.013723015,0.762387608,1.369902368,1.258611637,1.44098046,1.690863061,2.165734339,1.805870355,1.858991674,2.791422884,..
Fixed broadband subscriptions (per 100 people),IT.NET.BBND.P2,Niger,NER,..,..,0.004186487,0.006534689,0.009437674,0.012803227,0.021384805,0.035892003,0.049636354,0.057088349,0.067888574,..
Fixed broadband subscriptions (per 100 people),IT.NET.BBND.P2,Nigeria,NGA,..,..,0.044823002,0.052746468,0.062055837,..,0.008457431,0.008665709,0.008817092,0.007896539,0.014891556,..
Fixed broadband subscriptions (per 100 people),IT.NET.BBND.P2,Northern Mariana Islands,MNP,..,..,..,..,..,..,..,..,..,..,..,..
Fixed broadband subscriptions (per 100 people),IT.NET.BBND.P2,Norway,NOR,..,0.518682546,33.01483505,34.49873843,35.23341983,36.1198393,37.20005006,37.89103037,38.82872172,39.71267249,40.37083807,..
Fixed broadband subscriptions (per 100 people),IT.NET.BBND.P2,Oman,OMN,..,..,1.251078167,1.544406329,2.089220371,2.585879143,3.419552378,4.247553438,4.509445072,5.609576065,6.190953212,..
Fixed broadband subscriptions (per 100 people),IT.NET.BBND.P2,Pakistan,PAK,..,..,0.100643033,0.230242691,0.455957357,0.662045266,0.846622047,0.89386286,1.084995545,0.953099019,0.859311935,..
Fixed broadband subscriptions (per 100 people),IT.NET.BBND.P2,Palau,PLW,..,..,0.548744315,0.697994495,1.167562286,2.513830923,4.326876747,8.62893202,5.261411575,5.748907989,..,..
Fixed broadband subscriptions (per 100 people),IT.NET.BBND.P2,Panama,PAN,..,..,5.521066673,6.482051503,7.0223766,7.56207687,7.751636452,7.951668793,7.897698864,7.928250347,9.548675545,..
Fixed broadband subscriptions (per 100 people),IT.NET.BBND.P2,Papua New Guinea,PNG,..,..,0.045596948,0.066414818,0.08893496,0.106944597,0.128365943,0.154344975,0.176562457,0.196545542,0.21827333,..
Fixed broadband subscriptions (per 100 people),IT.NET.BBND.P2,Paraguay,PRY,..,0.002803606,0.205259617,1.219951593,1.385400391,1.827160013,2.035960075,2.301811374,2.67615303,3.140335865,3.350441407,..
Fixed broadband subscriptions (per 100 people),IT.NET.BBND.P2,Peru,PER,..,0.004146141,2.534662296,2.86049054,3.186646678,4.091749531,4.81123657,5.309563731,5.74296395,6.416508727,6.721873355,..
Fixed broadband subscriptions (per 100 people),IT.NET.BBND.P2,Philippines,PHL,..,..,1.157133017,1.874496117,..,1.884203303,2.219699958,2.614804906,2.897204314,4.783941598,5.457909609,..
Fixed broadband subscriptions (per 100 people),IT.NET.BBND.P2,Poland,POL,..,..,11.6855642,14.65167284,15.33688245,18.24945259,18.02541074,18.39789139,18.92661232,19.00901334,19.22085468,..
Fixed broadband subscriptions (per 100 people),IT.NET.BBND.P2,Portugal,PRT,..,0.244066868,15.47252046,18.0690491,20.08244355,21.16545125,22.54641825,24.16401116,25.66846341,29.61530494,31.82308278,..
Fixed broadband subscriptions (per 100 people),IT.NET.BBND.P2,Puerto Rico,PRI,..,..,11.43372551,12.91522669,14.8670866,15.08226812,15.51673593,16.31014462,16.56894979,17.99640114,18.67599019,..
Fixed broadband subscriptions (per 100 people),IT.NET.BBND.P2,Qatar,QAT,..,..,7.812221786,9.255269225,8.332052171,8.613785532,9.028321679,9.936352783,9.904820108,10.11567936,10.76591884,..
Fixed broadband subscriptions (per 100 people),IT.NET.BBND.P2,Romania,ROU,..,..,11.46098045,12.83512108,13.72551423,15.05415373,16.27847466,17.46782106,18.55741138,19.75111127,20.67787954,..
Fixed broadband subscriptions (per 100 people),IT.NET.BBND.P2,Russian Federation,RUS,..,..,6.458930705,8.977676423,10.93178398,12.29436224,14.6143373,16.62447156,17.51313356,18.9175332,19.46634479,..
Fixed broadband subscriptions (per 100 people),IT.NET.BBND.P2,Rwanda,RWA,..,..,0.01095573,0.021026304,0.03637628,0.077573184,0.047984775,0.023614782,0.02410734,0.169979011,0.170231342,..
Fixed broadband subscriptions (per 100 people),IT.NET.BBND.P2,Samoa,WSM,..,..,0.087220078,0.108281358,0.107510119,..,0.573882015,0.650305717,1.053531494,1.078518641,1.229491344,..
Fixed broadband subscriptions (per 100 people),IT.NET.BBND.P2,San Marino,SMR,..,..,16.0398049,17.74056942,19.41609151,21.05771708,31.68944219,32.53307047,36.98201473,36.60461606,37.56809217,..
Fixed broadband subscriptions (per 100 people),IT.NET.BBND.P2,Sao Tome and Principe,STP,..,..,0.204454007,0.255714616,0.328231254,0.402343089,0.41361418,0.506754131,0.555886842,0.647989703,0.686151772,..
Fixed broadband subscriptions (per 100 people),IT.NET.BBND.P2,Saudi Arabia,SAU,..,..,3.975133767,5.365345126,6.279160979,7.029306677,8.979652222,10.12769838,10.32446733,11.92389753,10.80958193,..
Fixed broadband subscriptions (per 100 people),IT.NET.BBND.P2,Senegal,SEN,..,..,0.386949986,0.466519481,0.607286293,0.695482928,0.696203219,0.755189171,0.710481063,0.672198851,0.639073483,..
Fixed broadband subscriptions (per 100 people),IT.NET.BBND.P2,Serbia,SRB,..,..,5.695465551,7.411935683,10.86650128,12.4134366,13.71315027,15.23280802,15.56662123,17.37876703,18.94738964,..
Fixed broadband subscriptions (per 100 people),IT.NET.BBND.P2,Seychelles,SYC,..,..,3.800805321,5.027766431,7.447811595,10.252835,11.45453167,13.36844826,12.67549782,14.31405593,14.90104897,..
Fixed broadband subscriptions (per 100 people),IT.NET.BBND.P2,Sierra Leone,SLE,..,..,..,..,..,..,..,..,..,..,..,..
Fixed broadband subscriptions (per 100 people),IT.NET.BBND.P2,Singapore,SGP,..,1.761017654,22.092629,24.84735045,26.35180486,27.12154021,27.01732367,27.59557606,26.71692494,26.45017696,25.44654773,..
Fixed broadband subscriptions (per 100 people),IT.NET.BBND.P2,Sint Maarten (Dutch part),SXM,..,..,..,..,..,..,..,..,..,..,..,..
Fixed broadband subscriptions (per 100 people),IT.NET.BBND.P2,Slovak Republic,SVK,..,..,11.16601181,14.28663067,16.13993132,17.51936904,19.19824921,20.34889215,21.84052742,23.33891363,24.47242172,..
Fixed broadband subscriptions (per 100 people),IT.NET.BBND.P2,Slovenia,SVN,..,..,20.9249829,21.96553451,22.90525121,23.97592184,24.63277131,25.31958299,26.77862509,27.36905899,28.2503192,..
Fixed broadband subscriptions (per 100 people),IT.NET.BBND.P2,Solomon Islands,SLB,..,..,0.297890341,0.388376663,0.47906057,0.451675381,0.387919898,0.335690651,0.233039198,0.242950168,0.213395607,..
Fixed broadband subscriptions (per 100 people),IT.NET.BBND.P2,Somalia,SOM,..,..,..,..,..,..,0.392344034,0.571669054,0.647809188,0.737230339,0.803762026,..
Fixed broadband subscriptions (per 100 people),IT.NET.BBND.P2,South Africa,ZAF,..,..,0.847466259,0.945184357,1.444054491,1.745941759,2.113545014,3.060493447,3.211005186,2.634720283,2.841486292,..
Fixed broadband subscriptions (per 100 people),IT.NET.BBND.P2,South Sudan,SSD,..,..,..,..,1.93E-05,3.85E-05,0.000156862,0.000885256,0.000851882,0.001234332,0.001197048,..
Fixed broadband subscriptions (per 100 people),IT.NET.BBND.P2,Spain,ESP,..,0.189554715,20.19291839,21.42007308,23.06605005,24.00950447,24.64903463,26.10878739,27.63110934,28.69316342,29.45343783,..
Fixed broadband subscriptions (per 100 people),IT.NET.BBND.P2,Sri Lanka,LKA,..,..,0.49833792,0.823234513,1.099852742,1.715607517,1.677876286,1.994793644,2.646679824,2.896176087,4.098086111,..
Fixed broadband subscriptions (per 100 people),IT.NET.BBND.P2,St. Kitts and Nevis,KNA,..,..,21.72568969,25.12999942,27.88814181,23.78660022,24.26097342,24.54282076,25.58542773,29.57237793,29.31031401,..
Fixed broadband subscriptions (per 100 people),IT.NET.BBND.P2,St. Lucia,LCA,..,..,8.988965693,10.60844749,11.55092814,11.90376581,13.586001,13.55329643,15.34820641,15.37063973,15.92747454,..
Fixed broadband subscriptions (per 100 people),IT.NET.BBND.P2,St. Martin (French part),MAF,..,..,..,..,..,..,..,..,..,..,..,..
Fixed broadband subscriptions (per 100 people),IT.NET.BBND.P2,St. Vincent and the Grenadines,VCT,..,..,8.578390956,10.53281952,11.43656921,12.11536527,12.44914193,13.35247273,13.45512064,15.50642749,19.98829864,..
Fixed broadband subscriptions (per 100 people),IT.NET.BBND.P2,Sudan,SDN,..,..,0.107750422,..,0.03099747,0.04784397,0.066645429,0.067713604,0.053664935,0.069883241,0.064123281,..
Fixed broadband subscriptions (per 100 people),IT.NET.BBND.P2,Suriname,SUR,..,..,1.116863159,1.743458426,2.884600731,4.371782747,5.47535175,6.878666953,8.530587857,9.607151713,12.88137494,..
Fixed broadband subscriptions (per 100 people),IT.NET.BBND.P2,Swaziland,SWZ,..,..,0.066901863,0.128144176,0.306583928,0.661959363,0.278557415,0.336130688,0.402302115,0.466737559,0.537284885,..
Fixed broadband subscriptions (per 100 people),IT.NET.BBND.P2,Sweden,SWE,..,2.806492669,31.43444502,31.63264966,31.97017745,32.04011233,32.31072303,32.88664162,34.07038808,36.06645552,36.2831678,..
Fixed broadband subscriptions (per 100 people),IT.NET.BBND.P2,Switzerland,CHE,..,0.78731927,33.40227742,35.40334671,37.20713045,38.89147463,40.16769702,42.56208317,42.47296117,45.10760917,46.27466695,..
Fixed broadband subscriptions (per 100 people),IT.NET.BBND.P2,Syrian Arab Republic,SYR,..,..,0.054334855,0.164785794,0.324237889,0.55631068,1.106247226,1.580715297,2.279541439,3.143948465,4.011871871,..
Fixed broadband subscriptions (per 100 people),IT.NET.BBND.P2,Tajikistan,TJK,..,..,0.050280045,0.059081053,0.061620547,0.064236678,0.067424232,0.070664197,0.072541782,0.069683303,0.068094997,..
Fixed broadband subscriptions (per 100 people),IT.NET.BBND.P2,Tanzania,TZA,..,..,0.015162752,0.015918972,0.016796621,0.060982072,0.086484539,0.114561256,0.16667501,0.202712539,0.254405311,..
Fixed broadband subscriptions (per 100 people),IT.NET.BBND.P2,Thailand,THA,..,..,3.131809854,3.959540618,4.897195152,5.850427446,6.76648938,7.748039255,8.092471722,9.241737473,10.6883505,..
Fixed broadband subscriptions (per 100 people),IT.NET.BBND.P2,Timor-Leste,TLS,..,..,0.006760334,0.044258972,0.046319885,0.05016907,0.05385484,0.061789476,0.089202118,0.087663345,0.086122542,..
Fixed broadband subscriptions (per 100 people),IT.NET.BBND.P2,Togo,TGO,..,..,0.031916541,0.067800946,0.431730726,0.525917818,0.624619144,0.10143785,0.180316889,0.880069538,0.607036414,..
Fixed broadband subscriptions (per 100 people),IT.NET.BBND.P2,Tonga,TON,..,..,0.70036038,0.965651767,1.056696574,1.243376628,1.429374601,1.614082394,1.701612751,2.310606417,2.800126939,..
Fixed broadband subscriptions (per 100 people),IT.NET.BBND.P2,Trinidad and Tobago,TTO,..,..,6.490718592,9.834043847,12.26192403,12.92628661,15.05937841,15.84445003,18.35542149,19.97219865,18.94118546,..
Fixed broadband subscriptions (per 100 people),IT.NET.BBND.P2,Tunisia,TUN,..,..,2.187642545,3.54751939,4.535475078,5.201843231,4.848847094,4.728625387,4.486233076,5.108716781,5.648053663,..
Fixed broadband subscriptions (per 100 people),IT.NET.BBND.P2,Turkey,TUR,..,..,8.181747781,9.054167904,9.839762223,10.39078637,10.63415326,11.86851402,11.69133624,12.39344232,13.55059996,..
Fixed broadband subscriptions (per 100 people),IT.NET.BBND.P2,Turkmenistan,TKM,..,..,0.001525152,0.009339296,0.014339562,0.021540464,0.02706396,0.034350673,0.04333759,0.055829669,0.073547434,..
Fixed broadband subscriptions (per 100 people),IT.NET.BBND.P2,Turks and Caicos Islands,TCA,..,..,..,..,..,..,..,..,..,..,..,..
Fixed broadband subscriptions (per 100 people),IT.NET.BBND.P2,Tuvalu,TUV,..,..,2.962811606,1.019575856,2.442250941,4.571312475,5.578093306,7.087889834,9.096422074,10.08471158,10.05833836,..
Fixed broadband subscriptions (per 100 people),IT.NET.BBND.P2,Uganda,UGA,..,..,0.015098116,0.018256877,0.041191962,0.101041127,0.105651648,0.110434383,0.142099458,0.201099806,0.261064853,..
Fixed broadband subscriptions (per 100 people),IT.NET.BBND.P2,Ukraine,UKR,..,..,3.443722578,4.123207433,6.418779324,6.921824579,8.005667655,8.834340341,9.293523561,11.80934808,11.98652729,..
Fixed broadband subscriptions (per 100 people),IT.NET.BBND.P2,United Arab Emirates,ARE,..,0.065194003,8.201308057,8.945263859,9.320790752,9.713822686,10.37393227,11.14829466,11.55839995,12.88953223,13.29981078,..
Fixed broadband subscriptions (per 100 people),IT.NET.BBND.P2,United Kingdom,GBR,..,0.089717904,28.22289871,28.97405523,30.85650759,32.98080381,34.54060538,36.49218559,37.37610065,38.61345092,39.17956479,..
Fixed broadband subscriptions (per 100 people),IT.NET.BBND.P2,United States,USA,..,2.484192986,25.15186724,25.84623436,27.06894497,28.04499973,29.13778444,30.00493209,30.32087809,31.43196373,32.36960518,..
Fixed broadband subscriptions (per 100 people),IT.NET.BBND.P2,Uruguay,URY,..,..,7.301834813,9.447716677,11.37458622,13.9759999,17.10237794,21.63382997,24.57842088,26.2662912,26.78952985,..
Fixed broadband subscriptions (per 100 people),IT.NET.BBND.P2,Uzbekistan,UZB,..,..,0.244086563,0.323935676,0.424930148,0.524869754,0.772824116,1.058612429,2.797791094,6.017469175,9.128153275,..
Fixed broadband subscriptions (per 100 people),IT.NET.BBND.P2,Vanuatu,VUT,..,..,0.088731932,0.216606811,0.211596325,0.139384063,0.125373086,0.122644533,1.768866555,1.628342327,1.625440123,..
Fixed broadband subscriptions (per 100 people),IT.NET.BBND.P2,"Venezuela, RB",VEN,..,0.018326294,3.96553566,4.903425248,5.760629747,6.154574691,6.799278326,7.345554332,7.779508983,8.244989519,8.23271469,..
Fixed broadband subscriptions (per 100 people),IT.NET.BBND.P2,Vietnam,VNM,..,..,2.345166179,3.644194002,4.120638136,4.268754452,5.259460934,5.620190888,6.483694578,8.199909345,9.910908178,..
Fixed broadband subscriptions (per 100 people),IT.NET.BBND.P2,Virgin Islands (U.S.),VIR,..,..,6.944600517,8.448324416,8.554078698,..,..,8.534423739,8.521237546,8.418610742,..,..
Fixed broadband subscriptions (per 100 people),IT.NET.BBND.P2,West Bank and Gaza,PSE,..,..,..,..,..,3.790871565,4.417874305,4.924883763,5.30027538,6.034538666,6.872838969,..
Fixed broadband subscriptions (per 100 people),IT.NET.BBND.P2,"Yemen, Rep.",YEM,..,..,0.119795954,0.242919078,0.369019771,0.467726727,0.70139666,1.052140744,1.361715326,1.546891207,1.64860435,..
Fixed broadband subscriptions (per 100 people),IT.NET.BBND.P2,Zambia,ZMB,..,0.000207901,0.045783227,0.083446192,0.077680348,0.120399337,0.106564082,0.092491457,0.136615387,0.150712608,0.198230198,..
Fixed broadband subscriptions (per 100 people),IT.NET.BBND.P2,Zimbabwe,ZWE,..,..,0.14080055,0.365662967,0.252351881,0.25451506,0.523924068,0.734406962,1.042746839,1.089896905,1.103375138,..
Fixed broadband subscriptions (per 100 people),IT.NET.BBND.P2,Arab World,ARB,..,..,1.29425752062826,1.99805538666862,2.0788422273693,2.72760680616146,3.12304295287419,3.50322000466611,4.01525736871429,4.74456464098824,5.17823243154098,..
Fixed broadband subscriptions (per 100 people),IT.NET.BBND.P2,Caribbean small states,CSS,..,..,4.87356095957808,6.30527766832934,6.82512592757462,7.13974066739107,8.92808494225534,9.53705034058102,10.5668982550341,12.3971025014133,13.6561652891874,..
Fixed broadband subscriptions (per 100 people),IT.NET.BBND.P2,Central Europe and the Baltics,CEB,..,..,13.3396646340144,15.7536686018861,16.9818275526694,19.0303197115613,19.6855574256398,20.7412164333799,21.4625080835281,22.0970333173115,22.7174561687171,..
Fixed broadband subscriptions (per 100 people),IT.NET.BBND.P2,Early-demographic dividend,EAR,..,..,1.15307809433924,1.49389116104949,1.77221336711292,2.05766877278153,2.39428628475856,2.62919393621437,2.88726066661609,3.22941569591748,3.54484378808726,..
Fixed broadband subscriptions (per 100 people),IT.NET.BBND.P2,East Asia & Pacific,EAS,..,0.324029970525157,6.93734952747262,8.1902241875945,9.70759802093886,10.8690660874017,12.1149725147248,12.830121751302,13.4535471786259,16.6451610731614,18.7961205556167,..
Fixed broadband subscriptions (per 100 people),IT.NET.BBND.P2,East Asia & Pacific (excluding high income),EAP,..,0.00179002189728498,4.6819401859942,5.909603685526,7.37095063825061,8.6638369580936,9.92240265862504,10.6365747916718,11.2331217969623,14.8549811289947,17.1633469448396,..
Fixed broadband subscriptions (per 100 people),IT.NET.BBND.P2,East Asia & Pacific (IDA & IBRD countries),TEA,..,0.00179002189728498,4.68189690425874,5.9095492382255,7.37088272260046,8.66377291469672,9.92234286403905,10.6365533401559,11.2330579349322,14.8548861590245,17.1633469448396,..
Fixed broadband subscriptions (per 100 people),IT.NET.BBND.P2,Euro area,EMU,..,0.447929938496741,23.9229074478869,26.0620438240539,27.7441977333245,28.9799660792734,29.9425370013287,30.9821713084443,32.1245562332044,33.3548954107437,34.3064249390145,..
Fixed broadband subscriptions (per 100 people),IT.NET.BBND.P2,Europe & Central Asia,ECS,..,..,15.514968170482,17.3340053931522,18.9661390901513,20.3091958443942,21.5183945650408,22.8089247584189,23.6974483491925,24.9465948341355,25.738118693216,..
Fixed broadband subscriptions (per 100 people),IT.NET.BBND.P2,Europe & Central Asia (excluding high income),ECA,..,..,5.64370901923775,7.27474426339462,8.93096656453872,10.0955102661402,11.6192958329598,13.0630554088194,13.7297753883672,15.1021989051889,15.8808598675353,..
Fixed broadband subscriptions (per 100 people),IT.NET.BBND.P2,Europe & Central Asia (IDA & IBRD countries),TEC,..,..,6.16843915626538,7.9134812164545,9.4840443527101,10.7977382475309,12.1696759909598,13.5203753263279,14.1768131366847,15.4375816333973,16.1664510335976,..
Fixed broadband subscriptions (per 100 people),IT.NET.BBND.P2,European Union,EUU,..,0.436367437439434,22.6846029772525,24.6627720846849,26.2643462750367,27.7566840528229,28.7115750572816,29.8654174274391,30.908423495886,32.042393316615,32.8641279505012,..
Fixed broadband subscriptions (per 100 people),IT.NET.BBND.P2,Fragile and conflict affected situations,FCS,..,..,0.097170037620147,0.166958033035754,0.182583660398939,..,..,0.483498527410376,0.741672921889405,0.762737077603553,0.846380644615881,..
Fixed broadband subscriptions (per 100 people),IT.NET.BBND.P2,Heavily indebted poor countries (HIPC),HPC,..,..,0.0678715804045456,0.0828419376895161,0.0832605576927313,0.135616770102409,0.158387834757376,0.193387623585614,0.251538926653774,0.278782664289172,0.330711689779682,..
Fixed broadband subscriptions (per 100 people),IT.NET.BBND.P2,High income,HIC,..,1.67295332224248,23.5821313825212,25.011846846061,26.3228813072829,27.5147815215387,28.457692585872,29.4188475783143,30.1796493564582,31.0916139360864,31.8905120661156,..
Fixed broadband subscriptions (per 100 people),IT.NET.BBND.P2,IBRD only,IBD,..,..,3.53144464679159,4.45105677111667,5.42802182628042,6.47170679179343,7.21630406171366,7.78650469691321,8.26325727499312,10.270120717754,11.498894646803,..
Fixed broadband subscriptions (per 100 people),IT.NET.BBND.P2,IDA & IBRD total,IBT,..,..,2.79132688146064,3.53605040707492,4.20171011390886,5.251072738745,5.68046562860687,6.07214962999306,6.45974156080774,7.94358881868473,8.87986619204075,..
Fixed broadband subscriptions (per 100 people),IT.NET.BBND.P2,IDA blend,IDB,..,..,0.121282402540417,0.207361922079624,0.325305280672459,..,0.52926958375836,0.587901885032337,0.791208475451534,0.948040355085158,1.10907875250099,..
Fixed broadband subscriptions (per 100 people),IT.NET.BBND.P2,IDA only,IDX,..,..,0.0555694779760883,0.110809760676432,0.131265582660995,0.193203585389007,0.266130515505613,0.421342340243436,0.650296988798232,0.842171191523262,0.989449291997098,..
Fixed broadband subscriptions (per 100 people),IT.NET.BBND.P2,IDA total,IDA,..,..,0.0795449037898517,0.147167847437893,0.197866883161234,0.318716387997073,0.362912634588888,0.479792737993697,0.699363068255481,0.877354440688036,1.0291921457243,..
Fixed broadband subscriptions (per 100 people),IT.NET.BBND.P2,Late-demographic dividend,LTE,..,0.00948748879356832,5.78557086259947,7.22979123754959,8.67070496150745,10.4981916111892,11.7068417799415,12.6602002210361,13.4510322996373,17.1416525279819,19.3546079978256,..
Fixed broadband subscriptions (per 100 people),IT.NET.BBND.P2,Latin America & Caribbean,LCN,..,0.03497522396646,4.92621408267149,5.90306944449321,6.69744271434403,8.02293160321695,8.65717900742262,9.36635283843999,9.84437614753848,10.593462403193,11.2068800860769,..
Fixed broadband subscriptions (per 100 people),IT.NET.BBND.P2,Latin America & Caribbean (excluding high income),LAC,..,0.0343753404062062,4.73586562305037,5.68402033893072,6.47171060705416,7.80057736135335,8.40800709184191,9.09830319677881,9.54892617383024,10.2760061992393,10.8901661244594,..
Fixed broadband subscriptions (per 100 people),IT.NET.BBND.P2,Latin America & the Caribbean (IDA & IBRD countries),TLA,..,0.03497522396646,4.96945966835087,5.95973821023778,6.76356869791369,8.12522799246045,8.75810863627591,9.47946243758204,9.96188272821016,10.7191857431873,11.3411802933725,..
Fixed broadband subscriptions (per 100 people),IT.NET.BBND.P2,Least developed countries: UN classification,LDC,..,..,0.0438288599592791,0.0942551379046532,0.110717054230497,0.153568998119871,0.210693123561819,0.355956002744299,0.573588622387789,0.767644002611577,0.88750913731265,..
Fixed broadband subscriptions (per 100 people),IT.NET.BBND.P2,Low & middle income,LMY,..,..,2.70201484340217,3.42702541682238,4.09169178089966,5.12054126593007,5.55601673161826,5.94652412300962,6.33035932565417,7.82303118484993,8.7644501396658,..
Fixed broadband subscriptions (per 100 people),IT.NET.BBND.P2,Low income,LIC,..,..,0.0354447521269892,0.051677742104509,0.0617426875187405,0.107252552346403,0.152980108896214,0.198982660889936,0.236459727288907,0.269049723673095,0.274420016622625,..
Fixed broadband subscriptions (per 100 people),IT.NET.BBND.P2,Lower middle income,LMC,..,..,0.526992734714116,0.791628127875673,0.991700046658485,1.26176072302217,1.38440605425272,1.50173004259579,1.69906998965172,2.01422240614253,2.30142561022834,..
Fixed broadband subscriptions (per 100 people),IT.NET.BBND.P2,Middle East & North Africa,MEA,..,..,1.73146347454693,2.18478404526814,2.64609751353265,3.55237226792072,4.44090605355038,5.14748599638669,6.22466183076602,7.18671674426252,7.74735007287442,..
Fixed broadband subscriptions (per 100 people),IT.NET.BBND.P2,Middle East & North Africa (excluding high income),MNA,..,..,0.831590451473131,1.17192471322267,1.59728551836286,2.40006681183297,3.22392229722034,3.89997592624934,5.11305403398096,6.05285650586838,6.77132302815354,..
Fixed broadband subscriptions (per 100 people),IT.NET.BBND.P2,Middle East & North Africa (IDA & IBRD countries),TMN,..,..,0.831590451473131,1.17192471322267,1.59728551836286,2.38090773739261,3.20732244084025,3.88558862014638,5.11040006123962,6.05311872538999,6.76985562468418,..
Fixed broadband subscriptions (per 100 people),IT.NET.BBND.P2,Middle income,MIC,..,..,2.90106805624812,3.69242880864628,4.48472265322135,5.54084007089814,6.04486929439024,6.54337769396436,6.9859474515245,8.64809490212139,9.70667788797975,..
Fixed broadband subscriptions (per 100 people),IT.NET.BBND.P2,North America,NAC,..,2.68982747444198,25.5831745963494,26.3092185208956,27.5313673666519,28.5059578528125,29.5745457783943,30.4436371016698,30.8266311654349,31.920612963278,32.857363758472,..
Fixed broadband subscriptions (per 100 people),IT.NET.BBND.P2,Not classified,INX,..,..,..,..,..,..,..,..,..,..,..,..
Fixed broadband subscriptions (per 100 people),IT.NET.BBND.P2,OECD members,OED,..,1.48825548026496,21.8905081866376,23.3490032631974,24.5960719401627,25.7237586381395,26.5749177438344,27.396946258232,28.0443295889108,29.1143326708473,29.9949845537341,..
Fixed broadband subscriptions (per 100 people),IT.NET.BBND.P2,Other small states,OSS,..,..,4.42152812804527,5.19457002778244,5.32234314553726,6.15282584298154,6.41745249078149,6.80282701734461,7.01724505511354,7.17044964124352,7.43058844707073,..
Fixed broadband subscriptions (per 100 people),IT.NET.BBND.P2,Pacific island small states,PSS,..,..,0.84162076280939,0.871204161343894,1.43124546413291,1.54812827126264,0.991495742052152,0.991674860672912,1.26227889762751,1.26818103746428,1.22275800983676,..
Fixed broadband subscriptions (per 100 people),IT.NET.BBND.P2,Post-demographic dividend,PST,..,1.71898738306134,23.7425216833118,25.213914900178,26.7137266900121,27.8963297035695,28.8545545991247,29.8446546186809,30.6422839387694,31.845533551094,32.7258626578657,..
Fixed broadband subscriptions (per 100 people),IT.NET.BBND.P2,Pre-demographic dividend,PRE,..,..,0.0440161821004023,0.0493189935129319,0.0526760998381791,..,0.0913873626456033,0.0903523049295124,0.113075011813796,0.143368072200057,0.156298774096214,..
Fixed broadband subscriptions (per 100 people),IT.NET.BBND.P2,Small states,SST,..,..,4.29431349122745,5.16179402046704,5.38123042996621,6.10178237876823,6.59323947131792,6.97032735544403,7.34229559438045,7.80291873846363,8.23071264965458,..
Fixed broadband subscriptions (per 100 people),IT.NET.BBND.P2,South Asia,SAS,..,..,0.359881974268046,0.546190504356128,0.778388779612693,0.967313220546197,1.07395040741724,1.12821626800263,1.28270711541613,1.43603423039673,1.59494292484819,..
Fixed broadband subscriptions (per 100 people),IT.NET.BBND.P2,South Asia (IDA & IBRD),TSA,..,..,0.359881974268046,0.546190504356128,0.778388779612693,0.967313220546197,1.07395040741724,1.12821626800263,1.28270711541613,1.43603423039673,1.59494292484819,..
Fixed broadband subscriptions (per 100 people),IT.NET.BBND.P2,Sub-Saharan Africa,SSF,..,..,0.112164409873836,0.134152705254361,0.161159807239925,0.264595409598631,0.249333206823012,0.320946253407679,0.376224073443691,0.369099229366218,0.40010442401017,..
Fixed broadband subscriptions (per 100 people),IT.NET.BBND.P2,Sub-Saharan Africa (excluding high income),SSA,..,..,0.111700118113153,0.133525040619289,0.160363651745693,0.263128554999196,0.248102180378126,0.319637896934457,0.375016317625166,0.367759234545939,0.398740220059638,..
Fixed broadband subscriptions (per 100 people),IT.NET.BBND.P2,Sub-Saharan Africa (IDA & IBRD countries),TSS,..,..,0.112164409873836,0.134152705254361,0.161159807239925,0.264595409598631,0.249333206823012,0.320946253407679,0.376224073443691,0.369099229366218,0.40010442401017,..
Fixed broadband subscriptions (per 100 people),IT.NET.BBND.P2,Upper middle income,UMC,..,0.00884520923829068,5.45201179581568,6.7870584489345,8.15177921886782,9.97121860143724,11.1823854612019,12.1424193687384,12.8954939714582,16.2493267518391,18.2590027927938,..
Fixed broadband subscriptions (per 100 people),IT.NET.BBND.P2,World,WLD,..,..,6.28964077654765,7.13501945512979,7.87963304572749,9.03539175536218,9.42911433865238,9.85892026601574,10.277594024016,11.622038734485,12.5165142529055,..
,,,,,,,,,,,,,,,
,,,,,,,,,,,,,,,
,,,,,,,,,,,,,,,
Data from database: World Development Indicators,,,,,,,,,,,,,,,
Last Updated: 03/01/2018,,,,,,,,,,,,,,,
